题号,主题,概念,自动答案核验,教育成员复核,编程成员复核,日期,意见
boundary_1,条件判断,boundary,已通过,待复核,待复核,,
boundary_2,条件判断,boundary,已通过,待复核,待复核,,
branches_1,条件判断,branches,已通过,待复核,待复核,,
branches_2,条件判断,branches,已通过,待复核,待复核,,
and_or_1,条件判断,and_or,已通过,待复核,待复核,,
and_or_2,条件判断,and_or,已通过,待复核,待复核,,
truthiness_1,条件判断,truthiness,已通过,待复核,待复核,,
truthiness_2,条件判断,truthiness,已通过,待复核,待复核,,
independent_if_1,条件判断,independent_if,已通过,待复核,待复核,,
independent_if_2,条件判断,independent_if,已通过,待复核,待复核,,
range_end_1,循环,range_end,已通过,待复核,待复核,,
range_end_2,循环,range_end,已通过,待复核,待复核,,
range_step_1,循环,range_step,已通过,待复核,待复核,,
range_step_2,循环,range_step,已通过,待复核,待复核,,
accumulate_1,循环,accumulate,已通过,待复核,待复核,,
accumulate_2,循环,accumulate,已通过,待复核,待复核,,
break_continue_1,循环,break_continue,已通过,待复核,待复核,,
break_continue_2,循环,break_continue,已通过,待复核,待复核,,
while_check_1,循环,while_check,已通过,待复核,待复核,,
while_check_2,循环,while_check,已通过,待复核,待复核,,
print_return_1,函数与返回值,print_return,已通过,待复核,待复核,,
print_return_2,函数与返回值,print_return,已通过,待复核,待复核,,
return_exit_1,函数与返回值,return_exit,已通过,待复核,待复核,,
return_exit_2,函数与返回值,return_exit,已通过,待复核,待复核,,
arguments_1,函数与返回值,arguments,已通过,待复核,待复核,,
arguments_2,函数与返回值,arguments,已通过,待复核,待复核,,
local_scope_1,函数与返回值,local_scope,已通过,待复核,待复核,,
local_scope_2,函数与返回值,local_scope,已通过,待复核,待复核,,
missing_return_1,函数与返回值,missing_return,已通过,待复核,待复核,,
missing_return_2,函数与返回值,missing_return,已通过,待复核,待复核,,
